12.344097626005501,-19.152049179451538
19.488990682283077,-7.7718873804466995
16.570135194925243,-53.45457234362719
99.68761205276134,18.323219530626318
2.5860432438465413,-92.61046682654458
62.648550380159776,7.866606706019468
76.85606083146781,-35.87149034003481
39.287385085614744,60.54980976021446
32.60120871024825,-63.227565280040686
74.70881300363604,67.27274951062802
93.62744583483047,33.31359568207972
75.40908267349509,44.98504573968469
81.28334820882498,-47.53435513846873
55.920091991212004,-47.243066879868614
64.71321301389973,-94.07978279484155
56.23247993845069,34.43371358950506
62.12716977005318,98.53068403170303
93.5839295582909,-73.43289311651439
85.27110893858536,34.40217437173786
54.29654447267615,-33.98270287672885
52.669900228337106,-2.370260348221464
79.58773146904014,-1.2554523873568684
59.04245439350664,64.3161439696988
4.178648795545044,53.759501872958424
77.75910618468167,11.85049910816754
48.25855680433303,1.0025687528270453
13.045893170781945,5.930281903009089
92.02607686588236,66.56885516332201
50.91872340072876,7.399597871306042
98.44214730759145,40.00174827983639
65.6476144621434,72.99742349956819
44.145602834915294,-26.01554884343477
12.977714233806289,-24.632316152210336
64.55787136587516,75.23990354392208
53.93525984029965,11.05153987809085
60.379222570330114,-78.51959832903634
76.17615365561798,99.20104076992331
12.120665765997082,20.477832918136613
63.13026048483604,-6.7292411330857504
20.09458890011473,53.9089777548146
12.211537084107281,85.87116099560822
21.652441592523278,-86.09277052502178
46.56392262196388,-87.12626250395998
77.506838757608,39.92277831841298
33.586208388157594,37.50605364825037
12.948967391732824,64.68287477449087
79.65094854785795,-73.54548622984048
52.56974482140271,43.20247310352724
3.4747948922399616,-72.7465269997638
40.449079055405626,-77.27535981460937
40.34453440740392,33.98271413332196
20.3544901552909,-31.184337569423988
28.132997323296642,48.11155313771374
98.70204856276762,-45.091567044402204
81.56907470133275,35.237815641673706
21.195209805159635,14.985654637184822
47.98286631317516,97.73176199342336
8.24624241342681,50.30277986269394
68.33191776531721,71.27724822326383
55.6764975920241,-92.89969324083329
64.85712287307726,44.0237752230276
15.227418536618472,84.37566657377607
24.512588465673335,-89.95893891029434
94.87292838132757,15.56000414320009
96.3795911423767,-38.070492048008084
96.17087981855995,-39.34842881239771
14.810516441043935,26.691692310318203
74.97567001340032,45.66591655041748
66.82765012786878,28.959930316894855
66.72942759997352,95.36313668772354
98.49573236255156,57.68268209363103
11.052930007949406,88.26282992855684
33.638609489474305,-86.34109312939658
95.82551147133094,-96.11283664521926
9.126021023800968,-96.38215421910223
0.9525830900033574,-11.67284078841935
12.746429881424277,41.688337828905844
4.781703271443404,-72.32441197602164
97.93591344038035,-85.00335448141236
29.806033258043087,-17.99032852643913
31.108263312511564,-13.963284798307214
63.07660565806958,-13.353465214162668
32.612530949960004,28.354033108061742
52.02367565012017,-1.6162951427195082
98.9739214604857,14.69512623745834
56.19816417878924,-5.503458497500233
89.84790043668474,11.077280456560572
55.24558108878589,-93.83061770908088
77.10147055526046,69.38894262765473
50.463877817342485,78.49379426694077
79.16555711488013,54.39229710906707
20.65784455929939,-3.515877206620118
48.05729380236856,-31.6444180926257
57.58123890122982,-90.16241199245745
15.444762852408553,40.00154879931256
5.55756325110964,11.453883150262058
16.470841391922846,-74.6935774381458
49.3593990723204,-83.04265835223771
26.622940955238107,14.229142105293619
94.1138179835345,-89.21204064315681
49.521470399977645,44.84019947763892
43.64994016619203,-67.70583491009756
70.35591328509751,90.44790236857182
22.99209560689264,35.81004229652257
22.298619482728956,22.092320461197517
65.41085670566282,25.972454288980003
6.8538566303204025,82.09077166188499
59.85329345455319,-85.48142886128205
90.38301523839756,56.78434910003077
10.49389438223279,97.56122949095564
63.760074283159454,-57.444793005262866
16.380076398698275,86.77327013411247
14.238603883181804,-2.284992482901771
72.73013623250625,54.47910504421003
43.88269059808428,7.267105148526426
49.73804062561361,-81.33093725231251
21.58407111535533,85.1747846873289
84.32718391995078,-7.303391541292513
14.730214485034926,-96.91598697455608
24.473890465397588,-21.821962680010458
24.34719924663737,-53.70033607458685
13.979996083164798,-19.38319217096611
60.587124963477926,-96.25554306932399
97.59991968446651,-6.156462305078563
46.348521080296116,6.029449413577794
24.869783451960277,39.36443265071139
2.465830482211832,98.76234426505138
75.13174282634667,20.695369903023902
80.8817593668565,-86.41244042227753
90.8045589063959,-72.00123855568359
66.15154488182158,-89.49645344772144
66.33066844099831,49.82072412432689
41.80434563518421,64.20388262686541
52.3506723578335,-30.796083704707016
81.21722067170629,60.45942569618941
54.75075267336699,75.36037860037155
34.86869959141017,-45.57002371738839
29.880969221406712,-64.00405405033985
32.402869109198335,-44.332367982439756
54.74922639506005,15.300576046636266
51.52110974234183,-57.91992756016223
63.944667488664145,-12.698185397680149
85.36956486052026,-68.42347411244079
97.61399904766583,37.48109047799298
43.56521922533605,-32.62735673930621
45.263326689832326,-31.722825817300006
62.34799855362977,6.913217564504407
90.51257401646534,-7.083204417671553
27.479298962219595,-47.51675871810721
60.63160479505862,-43.07915036733172
95.07642985302127,96.81560926433255
5.88237839999858,41.62027358603203
43.55532011067943,54.73553682449477
41.937710911334435,-45.68154101628783
58.185755250159175,23.159010936935573
44.3237118636686,16.837368505719198
14.62053602482313,-44.21363232375823
99.06038517383628,-51.43980567698082
52.27253747119337,48.873150111737374
8.547811157370939,55.64339874069074
24.793238508973765,-3.610091170155414
47.916206362312316,-1.2774508919775371
29.716808655952505,-0.4257004344879647
42.03382796231374,57.102275521990435
86.16148854527307,44.83876274101726
0.09611705097930048,2.7838165382782876
27.975733295113898,-78.32024819591831
55.7724051873107,85.94644803255909
13.355197270290766,65.89338412783994
56.71202001347443,37.386253709539886
61.08265979909741,-82.97976598389744
48.16420885610349,81.74285496884917
36.289421290123634,20.630325186257977
0.24800249379117434,-16.97969413917329
6.572612634171129,-78.94397437925406
58.21417453147744,25.91803033883626
20.411124088898056,-23.782737120271307
58.118057480498145,-76.86578619944201
92.43539079378417,-45.462488924353
2.3456522931874364,-62.812234232001096
79.08019352349339,-11.355873052192948
45.63363227971301,-0.19848794154100347
17.997533724395996,-28.37610706829551
97.46942342360951,18.058657089609824
81.70811243427237,50.99356774544651
97.22142092981835,-64.96164877121687
75.13549980010123,29.93754212470057
39.007246398340904,9.120320889946854
54.72437571120318,-46.27972075502813
80.88918891784277,-14.01389291061112
62.28898491741901,99.18276816932487
78.54353662465533,-51.20165867861003
83.20879139392562,10.538641221517821
32.90990434494232,48.99682926293096
65.21125766952962,-61.08525171018667
35.44048092133281,-69.06182782667886
83.50314523525726,-12.078819455633166
38.219059991514456,95.89982094453802
8.367645435156028,57.98363841966628
99.21181359317356,-13.22049994540886
53.64326972395285,4.263359174694401
18.32262467533079,-99.20660703479773
91.35428480653384,5.080591005369513
39.77908805067546,51.9950516438123
8.145493412608218,94.54194978385169
6.869183705733136,-97.00177761911867
42.934235743078595,55.62720149403836
71.42870278440033,72.06005020756021
59.43109050782134,-32.293979050328474
33.209642792885866,76.16022926302219
51.0634450726653,9.722382530005262
33.997829199712314,-10.619270791568951
97.42017534871246,-94.54097664468914
15.675204524381522,-11.412663756771224
6.06589054217862,0.3784323499413489
75.89611647370606,36.59228459941647
97.9203971295704,5.8364825660896855
69.02693276797292,33.59406221853513
54.98616138649181,50.20928107205134
97.5982299835726,61.53401201097492
95.55507087867046,-17.4967398776202
64.38858719068672,85.37378274795273
44.49162580600516,72.78087759237454
30.39075799097441,-4.006946460478318
47.071450457292705,67.32185423706366
14.715553466592887,-92.5942827037071
41.00555991511409,-33.05657811287767
38.81943699288682,-29.186567303123553
43.08516278554369,61.10693932103263
69.7925042249139,37.21937047834129
88.09900139905189,-89.10234175101868
72.1942742413413,75.68535846736637
92.54393052038141,28.394398126601516
7.805687050654576,90.31157571941364
48.05230471437624,55.61352053422698
77.41492905968016,-5.681477820108057
0.9808542570835352,88.29166629716329
62.69937559308728,-13.087195116400963
59.975294341969445,21.348244410040977
23.879938600200454,-83.90062781327741
16.890131556425754,60.241305089008335
54.087434375286556,-21.119998291618714
28.791130157373875,49.34364684002702
81.89316013394526,3.19464324101493
36.24719963699246,-79.0507512865745
74.08747308329067,12.88306752160129
88.19489492261621,-34.664271820801446
96.67254402361051,-81.43545465829065
87.21404066553269,-22.95593811796475
33.97316843052324,31.65174045811031
27.23874632356324,55.695817471994275
10.093229830322786,15.552368271387735
10.348614767137482,95.45451238298594
56.00579545503622,-63.327633436993565
81.5574846097636,-53.88913445704107
74.11263532109096,33.477723321991505
45.31028497277115,-74.83838317046659
0.025162237800284037,-79.40534419960977
57.11539005015492,59.82588865033486
3.352618214189766,-97.96988954131912
69.90134938462225,-17.218173231700376
69.37944978366653,-29.62162999942943
42.66260306105901,27.086009296305335
59.286219953343746,54.82600172918285
32.313988293921525,31.63149691331938
3.2804244983075166,18.1536351661764
50.75650368415792,-14.479368629639538
29.16778917721655,84.6759118441849
5.44621871138677,-39.64098545917296
29.142626939416267,64.0812560437947
48.33082866123185,0.5331258904921441
25.7900087252265,62.0511455851138
78.4294792766096,-82.24870087780747
56.41055894155998,-8.327224415456769
35.76687621555059,-9.334710174112814
97.12433898821622,36.84677385536037
3.4528879216290687,59.033792912567804
93.84391448990871,-81.30686131081603
52.69638423747115,-26.486838457792658
64.67612531269216,-65.98277315500096
47.25016552608438,-86.84585299861969
35.533498373275904,-30.064029198795623
98.91933686485254,12.621021110888137
9.7434896480494,7.884825216090576
20.48985758824294,-5.130278011304384
53.33293070648942,-83.78795036845264
84.72298137269235,-95.79556783719157
56.20859171827319,-20.634724223813024
81.27009345106329,-54.82936074975937
62.364677228364485,-39.32786291299699
28.57370921359213,71.6574777080333
97.68855191567232,-73.34508975799605
81.32354368750775,58.503330706653
62.15505354239642,56.71893944079957
82.4042068226552,-54.11769040423517
52.411563894347026,-51.165885775291
61.914349234412256,51.01258760706921
99.07863318785759,-67.37793540683836
77.19136786171991,46.80815544426079
42.87004146958439,53.25678881697468
95.92127441065664,1.6375161940201508
80.50536424121991,-7.415348270028332
67.34756519706451,29.980038485986853
82.8168123255476,-34.07025851203228
86.02402150955676,71.47670777933385
20.66175878315118,9.21080204716813
3.619814686901554,25.59439818356904
68.25019488880416,-39.623312177540846
41.70546545248929,74.5818105764998
69.17156170094655,-72.24537677070249
64.51409759076938,-72.22634486776096
26.30152023136217,-25.50216558767717
68.59282318011275,26.136138938218906
45.79615599014225,81.91318268235116
1.2452579830482435,96.15610045223204
62.97934366459466,15.983441194383445
15.221236473491487,-75.32060732710181
42.31758488144348,-93.2273608527847
11.601421786589931,-0.9150055106708521
74.06738999263932,46.39595132475617
69.89595633410065,24.50318391282933
4.895828291692759,18.641328095458647
5.381858743331262,-3.270471219409714
78.59430806033059,-55.85650631686418
36.78903556321851,70.59338984237138
32.79815207018834,-37.76968899921535
35.54377758017027,74.43728939013934
69.81880840559369,46.24686980640121
20.322541106678784,49.75789671724115
27.50122352415019,39.474230659185906
8.721119320088853,-49.327097772088
53.433833531510864,93.07827933442977
38.825162985988214,26.16971831508266
48.53800523981811,-25.56304876102891
33.44330424265695,-70.55981046550761
69.94369717948751,-69.70654244416473
96.65426867943843,-41.153200307879004
37.145545109299185,68.06314655505062
61.11049109926816,-15.590489698018345
67.32673670370552,-78.18372325135059
40.787949992589375,34.65161358474052
39.82551317955532,-17.65795391053649
32.06683067250052,-16.021288643171488
86.39167964804444,-10.736233244966243
93.24166768651232,57.80899304174585
37.85367440822634,-85.17318448393735
59.798363443855365,28.36880350725346
67.90997722873882,84.53335796022739
63.14409476441693,-30.477996184867536
30.76443211943964,-83.52978859482323
2.033603665148758,85.11249351315081
63.43769541573413,94.65393465652735
61.24565367255938,-49.53912007158971
23.612182236178807,12.311888567063846
29.178823000058852,66.48216857158178
37.22050258813435,-76.9518781879699
35.93715531354654,-91.32682447016406
99.36682817990801,-91.77869370403255
76.13879186969118,-19.695627977417516
31.45685095116919,-76.31205166425994
12.994697105274252,-89.21763179254998
0.6924188317295527,-92.7822630694367
10.961093440125495,-74.33012530570079
37.25472341599543,-87.43619772596405
49.71543976756612,75.20899476588892
13.642541179816622,0.2519137069720898
20.536616767507265,-91.27317380569286
76.42203859168227,-22.796208105058
84.59946145396073,-99.94634933552881
77.05521041177425,-31.01751440102545
8.46066958426955,19.749278641888708
45.59835946060507,-54.70546273676551
95.4659724789953,8.966910434438688
44.90594062887551,-61.923199667328824
84.5048790388698,-16.702964259860536
7.651217212880088,-74.48700194136477
34.78943927130368,8.08804097425056
94.00867603306347,25.261084351663143
14.252822503796414,-0.638785220056576
17.586637441381196,-51.94270754327885
29.653361049835684,-0.692435884527768
40.531427029606945,79.07480685774658
21.19269146556614,79.55828547358354
94.93306756900188,33.780269594512134
25.726718986570845,-29.40862496085515
50.02712694012635,-4.296530738159063
41.22183994770104,87.29433929900537
42.37590972724627,-29.809528796794297
6.4324006763973625,-20.793701675245174
48.3672336941828,44.929386851542546
92.17957817260096,79.84508354481139
30.780596252801608,-3.127905605178597
62.52621712276526,-19.46248057066083
90.24916922319467,17.79728753707481
41.33352565719912,0.9792339557556318
95.31610165419279,84.01701794256269
15.606806670628279,-69.61214108338923
45.28897471406644,-11.686451319278248
74.38496672292723,-56.906480382394605
2.9130649868201686,-81.87692252248395
67.95256604652987,63.88722129285057
54.54583129263736,-26.80630937402651
75.77298787392893,84.04213774803918
23.765235039835755,76.32159623115209
13.246770751163664,3.504618318699997
33.51606581664109,-41.47569130592272
71.91324509396453,-97.47461563705562
38.19996416244829,-25.49270924848541
56.30643842333627,72.1375254463336
92.91098944838186,86.19374207079284
81.92147170040903,29.044005828728217
89.99792446156168,68.0706645932768
13.96890565387916,65.15678453587765
35.45209316892432,-5.1230260326967
38.195917779950236,81.1146467878385
11.686858129088565,18.555377736151215
24.949147028786577,-22.389971530861516
78.17079231244747,-39.968930957926055
53.03590193482203,-24.915355893805895
39.970828149999186,85.52377829055936
96.72946351148578,2.9471186598605073
47.05983870161734,99.33003621976653
14.807991811076734,73.90311283113229
57.06191424005564,-68.74062837351026
0.839086157197575,-91.25367170474536
21.60982107113133,36.38239765918644
62.643168377247335,-72.36831849258384
9.922962942042762,-82.17298007696479
37.69402134846076,50.02165303827769
31.752170629595284,57.79595088096127
84.65811941363873,-25.062991067916414
91.78134247959609,72.27217259040191
87.92865590215297,71.98989027222308
44.72150377797877,72.94213637063538
73.12066409107622,98.08677744109079
87.65958953792313,41.68276474414566
72.28157793387865,89.34044914583617
66.04976846679179,-94.69963291504078
9.638409556631315,61.70876763842
56.126805524749024,87.47334716192398
71.94438820817055,-88.31288539985769
24.374634895153743,-70.32260371903728
87.28626879453182,36.75010566805872
32.59329241555765,-42.59477630943918
99.35761289237885,64.76021539583564
87.87178863757887,-15.536912680074565
26.236948801302628,66.67343795474483
0.21219909965576128,42.78032257577976
53.95537086742398,77.33298880890865
34.16243063286397,37.47995549082057
44.316961310792664,-84.37577882951133
78.03562510811494,50.00660832889656
72.37257310262211,-96.06289342965364
53.6609902129612,20.32921204793385
85.08630430809029,-32.812999097712364
21.067697797403557,-37.07601164262697
85.72869141571144,2.426785506451992
33.19590915982468,78.4609010374476
59.49174261440879,35.75334755170715
32.98371006016892,-64.3194215383322
5.53637174698482,58.42035874279847
98.82127942730494,-1.799377029152751
61.219410436192156,42.79613757230979
20.78565431919,48.19401464195067
88.84683733357005,38.85903100196347
67.1246641062288,-72.13519740598318
3.7605330254797567,-28.327969900324163
46.056966308825245,64.9408142366438
18.031841609768325,69.24524459322384
12.861057149000562,86.4799131991962
58.54009899535952,-66.50810295848332
79.87734708883164,50.79933473752837
53.00372724837471,-24.928461701281805
81.0560676615267,-47.40128823331886
91.78431681218255,32.27540072640841
60.270413342336695,4.404697124730461
2.9374794786125067,93.41636972444493
93.1457492361079,-23.46010546928636
99.17694645313276,21.74433962476911
47.08878292728265,11.599080294069822
81.14510484336442,52.49909503154527
34.22772577828209,25.11916709487363
22.605005848004897,19.007197990028587
54.35037868945045,74.31983235734523
69.60127859963019,-56.06434030868962
73.29431102792375,21.721120590664086
77.81696178744764,11.660258964901999
13.023897685587055,-82.68357653406636
74.87948230883514,18.24388924045705
19.87814844947916,40.77652893522
75.70253585570238,96.49954961568795
72.7893655221965,-70.82255135884984
94.55743101233796,-55.99954541585733
38.56163974391442,4.058281546276547
71.95242516433305,24.993256594114087
84.21126105446398,29.738449188931327
2.3511465647028693,-18.94240309719629
10.916950026540217,-91.98267140173279
24.534184777255234,69.39733793790171
97.89305234095316,90.70090513233359
49.654702468420105,-48.84655130255534
78.01490389147399,-50.07562380288641
73.95216661271772,-45.34610091824328
5.225538369277494,-79.25307244403659
79.39473560037976,-89.34655550238595
66.66389862536309,16.688646009686863
7.442310436046708,-14.339812096500054
82.45263757089911,86.95019682075556
5.091163871343839,-95.39740899930375
71.5356875443589,78.93286822248834
80.5569790940886,-64.79474693720547
73.64263520340573,88.23196309015475
30.902276625668506,84.05180436534988
95.62773131193173,38.30758689304116
56.95011001295078,29.39790528359316
90.40219294265424,17.56065933707775
77.55537441257103,18.744460785979115
23.738294317291157,-99.1279866726091
70.1130639765243,-66.91572711752085
41.28565674639205,-86.07818349336466
65.02190010518048,-71.51831811821708
69.74996920203314,-65.011051715853
84.46492101109186,93.27642881898839
96.10733399862742,-53.24301480600776
53.56264438542336,-90.77537554636149
0.4796026866956935,8.44939830095106
96.61253437247258,-20.17328082995465
10.07740974404146,90.8887389638733
19.05715995990156,61.08225838406622
86.3391154267503,90.01672563648239
48.94409598337725,27.997985501587053
45.05345868035826,76.09490912984705
83.92219587819679,-0.4836963801958518
75.30348947832512,41.105960845700054
99.45727486710491,6.239874800815755
79.19615547969768,-5.651024348292182
45.89463048168156,-2.9847496528227424
78.716552793002,85.89957735075674
49.282096109208986,-82.8114688228681
68.63914304896053,95.01083838688345
30.224936149307425,-43.893727206934315
82.30002762221022,-95.00588724959897
81.28084016593017,28.108287291478604
37.24656894185196,-71.10079637944602
97.35864428773338,-71.40801632832553
61.943079463526864,-12.206757225146092
97.90136942062847,22.3521088708587
82.74692398382916,93.44426712314609
52.00673893894692,-74.66314147631854
4.030371190827177,-92.45531022761065
2.7246428297379333,-91.85167265345046
35.39122814186664,-87.46614861449409
72.4997066804305,52.042054553483865
53.09120051965641,-92.46026136489513
91.21886651450033,-76.06623273799475
15.844631577804446,78.64053501455089
93.86022222676694,95.34178359033078
53.901552114277585,-9.152707760303002
95.95885280613847,-27.010325280527923
71.15462813044842,-2.596974883449093
43.95211386719156,-52.34718380420937
67.12425693962125,-10.14166465583844
41.227471037453626,-60.495511150758915
31.7330287977546,-22.675516041344352
68.72776435702312,-12.53756570424278
78.64182827809817,-30.215254676449234
77.50889784252277,-36.47133296624803
62.79719670029373,-8.85578969100014
83.64867561575583,-31.813116556578805
8.895644586016147,-99.70308193069714
87.68982280961735,95.19720872394913
37.741016455567724,2.893892952751955
43.737708942425805,47.54439252815848
70.6167595159465,-86.96444239140959
2.5102379049721857,8.039903678917398
38.88373071819189,35.71107364993475
33.782473547949074,-79.42253061683982
60.24190244009371,-34.07367167361602
56.2735757054263,57.04880234940822
97.44470573979997,74.78211801738414
72.62490008967048,-11.138081094012989
88.54906115378382,74.48519994808126
84.93507728005311,-6.335289817962092
50.8080446982161,-28.40869300467071
41.1973683376273,46.1203176538794
80.19128518226961,-41.44425061326111
38.68713043265512,-61.919586025038
41.30755446407772,22.844675736804135
4.9046568847060446,-82.49705540819818
81.06565202398401,-43.081652589579846
48.63108117927975,-39.5458577576064
83.62094628418404,-17.863770606963968
76.00618108960927,71.59222333640659
95.0718851304002,7.651029444954787
91.07110380955616,-22.072486845631317
44.26384043218411,-63.9402775503745
49.87373547192885,31.807195500489286
64.0725552499145,77.50397306288662
11.186605039273736,-6.2732184744727135
22.765000785836776,-45.34070267391752
6.281948154567692,-23.776163066274535
41.69934876185277,97.74094991566233
57.650866975287954,-84.23030530866814
58.07840247766873,15.604720522626295
81.64468588567868,-55.82252864507472
63.00651734726852,-92.04630892232849
90.57358207612252,66.24995820055659
18.742676915084417,71.89396862804603
40.69984660419366,-65.5572372999327
54.67012166516992,94.38999556515941
29.513241564919916,40.71598117454002
31.905120879333143,39.73069823907693
23.231293410352226,-35.50785575918542
90.20577211748038,41.9897483234146
65.58042643506428,-51.27755045051729
32.12736963981165,-73.61497219921169
83.93574054938561,-95.45502180544257
69.12085229254312,-81.5686632768832
93.3621584732631,-61.70498000599917
50.3781753774587,-53.46263190492921
52.662311869069434,-96.14774270606648
95.70805371228879,-47.85262747008861
23.149070304149514,-36.863723880606514
63.80293283295564,12.416674290834465
99.91777689379728,98.64413187857889
73.59716071547527,70.42692596741986
34.337350458733006,49.9216823290962
41.469791075663615,44.04189816663154
50.4016099093474,45.376704134538784
72.34893878312049,25.61056144351474
57.039451436084306,7.081684140537931
21.970763405661785,-20.926806651556035
4.377139567014877,3.2294268466044116
26.262709693373004,-73.07417918146741
81.22806926286536,-59.90684927278906
62.45977686041736,14.509146527698121
81.31029236906808,-58.55098115136797
88.86261614494211,44.08222056027827
46.97294191033507,-8.472663480464178
47.392825069278494,-99.95967760635328
96.57133200098767,46.15063238499707
75.043886286158,-25.57023904986802
39.53188056490336,-60.931051755540885
53.073122880496214,95.356567601688
35.15474099788848,35.839521397854696
26.81041318712321,68.43074678315543
53.92667173502311,-4.253629329356244
64.35063632670584,-46.0783997445427
72.61637936595504,-45.70264817798828
75.48802018176374,9.839379695179034
25.643437455619967,62.77001530247591
28.09519511248525,9.799057301532315
29.072105454632297,-83.38061708252116
53.05130882632725,-64.63070364859965
89.54022488972893,77.55043467301974
99.97818594583103,-59.98727125028766
54.38548389184046,-58.28908672483496
73.16777275870783,-28.41801803344309
0.4588121568173429,45.964542604521284
8.81713643200198,-82.3396182889004
27.842432790862304,-8.332809217490436
33.329116250238236,7.8210020159205556
2.1989953352423366,28.897175480033667
5.233921137752987,98.02194471438824
73.12688988061004,12.277792562554836
52.182612311425736,62.65264836298789
83.5866649908811,34.727357889535085
52.2044263655947,22.639919613275566
29.20118109904064,-6.983555385629941
79.03665360688687,-48.942062353281344
28.742368942223294,47.05190200984876
70.2195171748849,-66.60244406438095
0.899936151360991,-44.6152887726608
36.890400924646656,25.57655391969851
98.70094081611866,26.48753574730553
31.656479786893666,27.554609205310257
25.57405093550862,-85.7902568152493
79.47386747546793,64.90196084232238
41.98738594462752,-20.51761470478438
27.26944110987323,-57.737958770953185
12.786204845586882,86.46594068084556
48.232787502986355,91.20410358232814
84.04383590336359,-60.585961329003204
78.01327032810147,57.806547646709106
83.1438997520026,84.02932744365759
41.12286940345481,-67.77000627298939
84.44295893588394,-42.45820830364795
9.466389616561145,4.675384521700352
58.86890800037532,-56.66795148839866
29.992522141093215,39.77342367937797
16.881522055747805,63.84966321638572
2.723081031219984,-2.488617549668831
4.095317210160923,77.38372253554019
54.49029352823362,6.307278868002996
20.051481306797335,37.969683864543384
76.47702320013217,48.500731221293876
36.907581554794746,53.94035642088579
35.35415379667735,16.270737494283267
52.46462261891081,-3.601435275466258
25.887764180116207,-88.40464702741707
93.59571461853548,-46.93348378706761
95.89524203902299,-28.17807070679504
76.71419256278767,-10.783147003453337
93.172161007803,74.3105468428738
72.61887535262676,11.83313046100649
38.681867479569384,-31.99673202512919
52.56739404582942,73.86344659646312
62.204844279437225,19.50253675357692
15.659812491034671,-80.07690982442267
26.85069048275987,-96.76820074070636
63.19518987212387,23.5245254510436
0.9629263026436643,91.63644628671071
69.5994752535884,-29.541990761888798
5.0676842636206745,19.814516993505734
92.88528269080072,81.24115624156454
11.895523255817668,45.50397015063194
20.266407338173963,-30.591974219441965
73.21365577624829,-22.499297824238866
67.69901329234455,-4.455420815905086
11.00881149681107,57.99816542218423
52.03920080130988,-24.37851099148243
84.1581210140512,54.76636616289059
88.84401092918601,52.09696355747397
83.19519471140754,63.12991987617988
19.244535675597618,-18.36104568063722
78.12751044778686,-56.68459711732584
26.359252984796903,0.3977980777982566
66.23198719196918,-2.1885672679577794
6.092845646622941,-69.01022770275979
93.0183314157209,-79.68926944371893
38.39383235427839,35.44519311314528
82.00951991890983,-37.68743486590316
86.35463155296851,-40.176295895372284
97.85139890485863,7.546198971206223
97.5106206237825,7.726740547153739
14.656204193451098,44.41627909502634
78.26608494818488,-73.91221377220904
36.528693745664235,1.1008762123522047
51.90683196338799,25.68998814999273
70.29670655369505,-96.71055651969002
45.813986316765046,-5.299784147247493
77.27837513797414,82.97871292402891
7.420153962486653,59.2550227396072
95.26885521906429,20.666147789932083
21.065522409518138,-0.5686813650205096
97.41745631420567,-86.88005118127417
23.55490178573563,91.70457808782575
82.76125212075456,-31.29633027630051
45.28881683755074,65.6167918600348
46.232558375090335,67.6027935113473
93.38198487416275,-60.07319628995794
75.93585182139529,64.31335003103732
47.56799855739771,45.22658785728956
98.65747668342115,81.3346371070084
40.14784459491105,85.9715651176823
3.3886214643568557,-39.33151068292368
19.082322185392915,-13.459753517297173
5.9711651501511875,-52.4514595016495
95.52742039965729,-5.164331605122925
23.209913029396617,78.84487077465101
50.23860356210654,29.21887653484231
76.97735465430628,-88.7579227366963
56.856618687943794,-10.70792717519977
1.0415028329109848,-53.07127276773362
9.288620130546084,44.065484967510685
2.384026149489827,-34.40590987474202
69.14077553563503,58.09391984982838
98.99540468513297,-95.07439919181836
50.05845335024212,-28.44632663287446
93.02423953498177,57.377060309831165
54.53103295058482,76.71800497224845
69.81432650558517,78.53218953518015
4.292429388478279,-52.50087156259383
92.83697185127889,67.29011227187644
47.43581070053449,58.207055612605956
91.7954690183679,20.36138503961007
38.1471905699884,-85.85842935490474
89.41144286887808,-45.23270508564791
69.00641503435338,-43.952349204733096
90.4160381837451,-50.15830589382956
18.947961684111263,84.49397742814136
97.39179864876331,-7.535366203660715
64.41692873352643,-92.22402754410709
27.577472143178156,13.932444261159134
60.12449934504816,60.27684401848674
34.74050029189927,46.642331989282695
12.688688644513668,-97.9302115941192
42.94503127353136,-73.71905305032737
74.54149807452526,87.92821776078554
53.53358840465329,71.51365203532052
5.535083040171894,31.880566965518653
63.11755022090818,21.671957929150082
86.58712135606063,47.38658953737729
65.72575157214486,-70.79267586718922
22.1701926225342,39.61061708148438
38.14827942896671,15.274879871651663
62.045693277486045,79.33377306299764
3.4077791370674397,68.63254788236895
49.35700463297238,77.26398465711682
60.46274786353608,42.35160093269636
74.81550655844711,89.33576689633128
6.92915945888279,70.83794889737584
69.28042351827521,-42.544800069187346
43.81160923797461,-50.834009031774244
82.69330216221458,10.068610393435364
78.08585766582975,-80.04133316458504
60.523109539680384,70.45799331195099
39.93757823686304,4.6837869637633105
98.47741626219434,91.12422024895338
36.5297990997956,36.05123908139433
49.12041162922197,-86.13976440816347
76.06705123625953,93.69963814869797
74.30490507077485,-75.47553130449478
69.13789177737674,-77.13831074867785
5.024481552499643,67.06926876469257
25.32628253940213,73.69569828309639
22.331179390285065,-42.99934162874279
47.24042487357238,53.73703144768143
61.80806985060469,-13.457334940693784
7.3028466367093365,-50.94675551608188
63.33065358841034,-4.581555189647148
70.77304753691374,13.002005402523793
14.21024195918838,-18.441790781483675
94.7059963006542,19.30236725382582
39.90533688841352,-42.96625947698889
25.568104523277473,-3.5593219974963404
34.88085533591388,-10.035528241681462
0.24182198387534565,22.744979719407283
12.549675945628817,-67.03618661293868
53.00139711030296,69.00794827172584
50.74160609502414,46.421148327755134
45.69855047359363,19.95470378780773
87.4109525066138,-48.99729648259772
74.9255029366799,-93.04730161471605
73.2007105474254,69.44449429888596
80.21950663602568,-12.349668868541869
33.29537365901189,12.410753775874838
54.651402112748215,91.20965312895447
98.41451832309801,-77.55371798244369
54.40958012887287,-31.53532659045281
85.8648423774692,89.48246863049499
1.4081830185699025,-0.5432748621786629
35.123236282445056,-56.938679697260156
55.70963254497627,79.50202135001359
47.712283775831274,92.05861678533756
80.78412960829637,72.54932296472964
74.51157322840587,-77.38587751354838
0.5646229722706878,-15.10100816672849
41.21619956939397,10.203368710576783
45.913220859522475,-6.310661295682962
42.80168124629596,-12.242913306979517
91.50364073064961,-74.77533470523016
56.93683886882677,-1.725381937474495
90.09545771207969,25.767940156948526
21.813602586381712,-44.786702240214346
34.38582516710343,46.265918806934906
74.10131881055044,-36.845319025551916
53.60169555880705,73.71659584220527
99.58974558214459,-59.459441512003536
53.03707258653636,-11.18239599106623
58.37354601275061,30.337189777419695
7.123851727013893,95.12826530461672
15.571864766454645,-57.419896915600795
15.620210996364289,69.90360000984688
58.63502589762788,44.30548502187369
25.52475328428459,-55.86434014710163
36.82142331124616,-10.907812737911954
91.13892811718117,-2.130258954036549
62.72010450069572,-74.06249371236004
37.53723255837411,24.15314520375817
63.13035891855113,85.3969477996435
84.50015997183775,-64.66445880517558
4.756812905800523,-44.94024197777618
77.37630824482385,-59.79272410979232
89.18494813934588,-87.5203450621754
61.75609724845956,-29.6963241196392
30.549922241718004,-31.825830084049088
36.231343964174975,-73.83198397253757
93.72849893047184,79.08198265386287
45.09241584699381,28.298274981498963
31.00839442977612,53.144476366222904
7.555183288619706,-95.85487022225921
67.878035511225,67.7475285665794
23.055023316781963,68.80958858291638
63.121222605424464,12.687770544355587
45.678715071958116,28.602312692708693
73.93627446607859,0.20811560653098127
83.92261782349856,-41.701363187652106
43.38635222436059,-67.96605430941995
47.69127385932359,-67.86937921511455
49.65785329388875,-47.048036963282804
2.5988580123297753,3.832345803386488
18.649458864112628,-0.19251332950570088
95.04367472371007,-0.3127839743543035
50.771423352887645,32.05995810391491
71.9886514069281,30.877627442729334
87.65020074746317,-80.62781244044068
26.309936334969986,-97.72468524997937
13.713926281384586,19.164071953028355
42.38731851147143,43.97667793767275
70.327574057024,-12.869873737551714
94.69604465214783,11.846057152787282
20.669720763135246,-65.82183677426892
92.09718663981806,-91.9862886505992
2.020261899022619,34.37067655523677
97.053511916108,8.326495323755111
51.24883854613498,-97.68928154867812
25.064860509179894,77.44886788102579
63.598637798671795,82.93853089176255
98.7549241742099,75.17355313100515
49.884711517287215,-36.2255410612658
56.36760566273848,-68.8031248066676
79.55713746026322,76.64433267628593
61.671561010590636,19.35081804054512
58.88741669712797,42.466169450554844
69.57437437077257,11.337106691144342
56.86715479810535,-91.90450710468195
72.52086245466457,-96.98938863261077
5.618316251970372,-94.21522555600383
47.45600194548468,-74.43825651363656
42.01967845329857,-77.15375644776638
48.701077771274775,-49.61180964464171
92.13496693601135,59.07178461349943
92.3334721085363,-80.80868483797411
12.577829475748139,82.4274519372135
30.66191109794566,-0.15950287851924827
53.690412778620164,-60.03871751334133
61.087536727173095,88.50339043033642
96.82325798051482,-68.13421040865938
88.56667427250852,85.49277906294722
91.20494172854445,-73.91898485265557
41.11067232702384,59.93103557658378
49.18526327524588,-96.76522840488919
92.40959455574908,9.542845221225463
57.05029633923452,-55.837013018388596
0.07612244721277256,-9.64846994080041
44.47246686348638,-38.264464955602094
69.4142113492671,90.51103293771882
90.78205408486622,-78.22574744226075
8.326674622094016,-97.9923574926176
93.95879610435138,89.90846296639862
19.760000349585493,-83.4851365555648
2.7538543758069376,63.827447819054186
78.64932802256165,-43.41617213214855
53.56859110056106,60.592676223943386
86.23973346681258,47.04098264662596
96.51829476132654,16.429689242331975
86.16361101959981,-43.31054741257362
52.045827897840155,-45.30584580206594
16.7493996703327,-33.82158035029245
61.263773812973945,-67.08009835980518
8.422725048238682,-35.829222857674864
67.30497770862256,-56.98856132620381
88.66272469865318,-52.34408630211006
64.55112333281562,-20.816009145257993
10.013396676091538,91.0720858300385
10.98253223225456,18.591314630798635
23.773663209278954,-55.968896816587474
14.464237470928024,-97.83837461153334
37.61005218967915,87.34165059598612
62.41840957308787,47.46747119053259
20.86065251934645,21.16323094627859
1.1546357601139252,14.547569550337784
12.437927471107766,-43.00754619604656
33.849658051491375,-28.463869123458423
23.77520277245458,-90.6634598939365
69.29853471867575,92.35214002179956
13.761806096363042,-81.735545723975
58.31600248642119,-26.23917460899905
89.9881428870841,74.23335109261248
43.851765015493164,-28.40079999746571
52.378090697404936,86.89170049662633
81.4333554424053,24.131728812001697
31.517438178058487,-34.271530449652246
80.27871968229138,-90.41584073833607
19.07951070695072,-91.26398425360568
46.42906163080001,38.048028385122365
95.30430793449615,99.39947564033082
77.13052691212425,45.69588836332278
81.54250183813309,81.13502136430583
18.814524425703063,-28.064937027678184
91.55435895104902,-93.09832972830667
74.9627594102099,-99.66413703021247
39.176268253644075,-79.99003022493301
93.5294039678046,-23.79586584221417
7.658830075585586,54.28150022471925
13.250684285513225,-33.3800251038781
88.57931936863487,45.54548447832491
66.82162265471322,28.571946510999567
93.27501143413872,46.14600883799412
89.69109574258897,82.87605814767682
11.732509596005622,65.01098747368829
70.8765713168859,10.940995175354956
20.17815064495661,58.10931720199494
95.913811906676,10.605132205567443
81.00188239131253,38.09934742692795
2.3844079388714126,-65.5990019522184
73.34305231572694,83.81784720220872
89.13372365335819,67.7810231516597
84.76373294709208,-61.7276372761162
22.312100998644965,-60.79092335933986
91.48872151295336,-7.873646114110301
32.621005256055994,-43.66698150701666
79.75621191694773,27.115366412201396
61.744433939170094,45.39202331762837
59.57806127199113,69.00604921020644
65.83062203249408,-65.21310888793907
78.5761788806786,-69.09329821672151
63.446214093622665,-99.61410693572067
5.233126564951653,-52.911145418930225
74.31249044026448,-67.39513008738038
20.46939361785957,-91.18350814281402
52.00038944161952,93.39579327195949
28.980672104906212,16.69013797129628
19.37938418556352,37.06277477897615
49.22446018795847,89.57477155909487
57.63495024639342,91.67075146134778
89.64639891596735,-79.43127765111159
91.80432821389934,56.883860349286834
11.070220035288749,89.66202056560994
28.358114120276674,56.49796728500752
5.837093470337096,42.57316598454014
54.04562368001219,23.8930973723879
85.36769985247751,33.75667412735416
2.045234238392672,30.49730410042841
56.3870277475713,-82.93346384394212
82.66585005282914,93.43452932145226
7.162567559612833,-72.50823540303699
25.03089980643573,-98.2362221398955
17.516168643645486,-93.0769577519254
33.22657159253639,-55.120082489182344
6.445948608356737,-82.73897831753531
4.868457472259713,-11.618049774189856
0.6088551380196406,-25.31214430207544
50.82283379224752,64.48885285342226
15.241155285542119,40.931181570570374
48.77759955385485,-66.00845124700615
58.85412753797081,23.864645414512523
66.1117495010257,-59.44298056845841
51.69155997835797,-3.6271191824504996
41.08084969458997,-61.2067584285629
34.175391334712494,-10.550161430525094
7.854278102053584,93.91332406061946
27.729442726355753,-27.811183112989795
2.9858206297938708,5.531373834809301
27.120587588336107,97.50096118908567
52.16298683754634,41.04252098138704
11.879432302793996,-43.43022038148473
3.385387283691493,7.050972228393192
53.02530476482319,32.705134204002775
37.273637782665794,-33.5060472031484
1.3337447864652119,-63.66774661354674
96.19278808807582,-72.2992887745855
67.15835345175273,46.88241481697838
88.33850998602225,-66.21261283520494
39.42891072539697,-25.30640207003185
85.35268935622837,28.256013329985763
12.308323137060858,-22.80736325911751
33.189702518682026,87.21349234859872
0.4288908342668634,-79.37714287763279
29.80431523499053,-19.837479879794472
47.403586069443676,-12.082277081635539
92.53067745232474,-86.33143267664607
46.069841282978466,-48.4145304680888
96.33788936424891,85.96785609793943
78.91148783122574,4.703054714932847
7.999379378226671,52.18046893314437
39.48257710582877,-69.99054321503532
22.646690021998303,-76.0755443968414
27.174253968767914,52.81682004408219
89.45698750331627,-63.28903674544011
26.745363134501048,32.193962921714956
59.652672268325745,56.54844313435436
79.34177706505737,-55.72375999664948
67.12199481600102,42.87987581100043
33.27193578207891,92.69077047143932
70.7841054517521,56.912019713061
54.360447950853164,-12.01228424349351
62.784726073525434,-95.26844922008337
14.877870845024397,-42.021741028458194
40.13803605152713,80.80709517675803
87.70361687625649,5.1614389274596135
50.68104854821085,44.09613192219811
60.95825374175543,72.96747600574466
91.02837627988511,87.54768878784375
81.61647667669806,28.691236002394106
23.906381463884088,-55.332187023156685
48.34454089461915,36.000465530954784
53.122276012131984,-12.244206736217677
93.98409294376599,-51.987250225551705
90.33754993860656,-16.97575751613431
79.10622209874158,90.03449080290648
50.19951388707942,2.217147307107666
91.40260522248511,-15.126948124553124
99.51846533886857,58.121015384909555
30.44435148072967,11.905575869702218
8.490089058983461,70.5733265970658
48.82787480403161,83.2143398673081
84.58370759509937,25.905513620222493
0.48333390941246274,-52.78612566364668
31.461431582967386,-61.85027964355984
6.499240965646481,99.20112456190503
41.123881644360836,55.125477872574464
27.393018866904896,-90.83336624100146
90.92436775728142,-47.0916694345332
35.99041364441979,24.29358188355168
91.40590241841285,-5.212684819442757
5.54606216369012,-87.61199398615055
82.91581335942941,24.213988583491442
56.718187359658515,-70.82633385345866
98.33210576433002,98.30847496326896
56.23485345024605,81.95979181018802
66.87067418136263,60.15875460682878
49.73561248459957,82.75866724828299
25.7467925370018,-94.96672326574569
22.34259361769467,73.59203348928446
34.82242477972038,52.12494616878752
86.35217997327487,-50.701548394267235
43.41652236130752,-42.66236901176972
80.80611780958475,-63.08955440811668
60.50070900187813,33.12364240473883
24.08793044992625,-92.26322055465802
62.168603237548105,34.815167441469896
67.85307699968021,-74.22301236484603
95.29792905618547,74.65641283464112
18.117464515080638,-56.98167961312902
69.55113651918367,69.6231361003868
95.77487089738597,-30.573713102413464
34.72871173946328,-82.50181006840073
9.422690924111093,-79.87216470814622
91.31218937815576,60.16055894336898
28.616573114526332,83.21738969997045
30.81148037627764,-72.96308346136986
4.528642664600084,75.48061025462846
68.64287713872955,-7.778250902839758
36.67556566491988,49.70362261947449
73.34494808254408,17.565336262519125
18.55810114983924,6.685302232603533
3.793811563360419,47.942200162132366
22.78323025245327,-62.74098466498302
69.06509982389714,30.44401023053308
13.360539328342178,-82.8688199568368
77.75291044574138,70.2834512871641
84.74396621381585,-66.08620965680726
46.941430069463735,43.246534748533946
80.21532354921575,-41.566819911435736
78.29855293073419,-48.975214348626295
43.53975788429588,8.72955746908977
4.953604848190114,33.45944938885458
24.981656734456642,-97.95574476351376
1.1597932848296955,85.51724922672224
2.1984264820033723,64.78523990146925
32.09469346093256,-44.926761003810846
88.8378871536612,47.654059858306056
54.34178301519118,-15.210212290974937
4.093920939845351,13.740269515113312
7.400352945727451,41.54325296049112
23.87859739062959,-44.69291057345095
29.101800014993255,-9.481532690882588
80.33883950633371,46.577531957459286
24.148195166803145,57.059017920262846
55.35718277187706,44.53327672097305
22.98840188197345,71.5417686935406
53.1587562898737,79.7480368195038
90.89370842104088,16.46852969735147
64.3208691362125,-67.90602303880226
36.5519254058497,-68.32125801167362
60.22694819636715,18.353707446084428
29.15157246012225,-9.864510972164737
36.34835080573756,-36.95338198046463
0.049772445128993315,99.61702171871784
56.00951129940385,16.469086062076087
75.90157727832585,-57.441996201544995
0.6523285275267817,71.93580934110304
52.91317539635241,-28.983764895085613
47.49357223765308,92.18777252159927
62.01946697531151,54.547705407562944
83.17270310144058,60.09379556040153
25.467541569461815,22.868963419236536
22.945754905073436,-58.2599118856829
96.31596910933956,-67.26652560859873
86.59740409933588,78.69347009478173
96.26619666421057,-66.88354732731656
30.587892799932025,-37.775615967294364
20.36461938588472,90.55844887422842
29.93556427240524,-9.71142530839741
67.45144398953231,19.542213769314017
82.44199203475216,-1.8991978299966519
5.431977014220801,64.99450836175109
99.26928893331157,38.0070066096018
79.96443544475899,-57.874455057485456
76.32353402823814,-3.7330815047152868
83.64846633541943,-90.60792944888674
89.72612992890227,17.573448400502983
87.38226967120886,76.27561787842981
59.13823712897024,-44.650935632202646
67.01765028532414,85.71716900420142
29.202672856565,65.06048967619475
99.56620629579182,-33.82504476511262
46.76068082181284,-33.040312493808585
94.13422928157101,1.1804468731363045
47.49139188850127,28.952680896589612
14.169793836812032,-40.94509806937825
71.16785786026313,-67.31423759869513
30.521327501392605,-50.337168620491504
81.44172793136086,15.112314000801888
43.13905783018375,-26.612786498921338
22.303490802390627,-40.236750366995466
76.12140754485962,-12.329955503122747
93.10081794582563,-5.2972400431902145
76.55520124906779,-78.50491073801012
46.340137124012784,-72.25692754938164
82.42097196749678,20.31464238885357
98.84874523551152,-1.2096084459712273
68.25117813068475,-38.740259541768175
27.680887375248385,-33.89537084727611
37.729850629292145,-88.40309092127667
46.23915944388752,50.992315151922014
94.59079279910839,38.20969557764465
23.935668641496896,-8.77093448108252
18.469385254248774,-49.46034891923259
30.834850695671268,96.5263055621077
41.91418400518098,-70.95543818122246
84.49471357165848,68.78323311148935
59.493212037684195,8.729919429923967
85.64596833614696,-30.007158442539435
91.24203390699945,-52.52982102830786
57.965080960898575,-96.11178759526332
53.5121832777073,-64.1267301070312
11.72592151701105,-47.10410274718533
58.92139047859892,-2.336425684675845
87.79025287551416,61.6668317338972
40.45200522435014,-52.876076765443266
56.955402179842885,65.1405261717895
98.53782121916916,-81.9206385842208
72.46068860818441,96.35729306030015
39.044609181484965,9.349441985855236
86.81472027203745,26.36445150283957
47.80257527448551,-38.12073698583691
28.84963931113887,22.476239098102894
94.2903919967782,-73.99400687880572
17.12371779412782,-30.419658154711783
35.36900151817929,28.342418805870153
29.333464918613668,7.913510111391005
94.91699629382914,-18.781504428686603
72.37806273877078,42.77298393960152
96.37917507465998,-36.860865844465806
99.91737413058638,46.415690879301366
57.33456589317502,53.78969216967897
13.10265385854893,-79.9487606235382
9.531990618689504,-8.089570844484129
84.25301454741006,-2.4249997216411003
15.2415986219113,-34.09556396567841
67.12929675328225,-72.00534156692932
79.87259710373202,37.56201722845145
37.795831834668576,20.081148321679663
84.95560080990288,-43.65647834286194
65.4177690958978,77.30816438207816
88.57642573524289,93.20438750160386
65.50039496531141,-69.10752649722323
31.241859842067875,-60.5853046680751
52.39774110676249,-89.15876587368503
21.709869223378373,47.50426617640903
68.14472655935243,13.266233847956073
6.46827060146707,-18.40016985791256
1.0154298060701898,-14.72842458511461
26.595673497735056,44.037812913635975
63.21959797140162,65.19042709320573
41.64007268783218,-12.30570874350208
97.80182887550383,87.8822627111276
53.063646952589295,-5.510096245105942
32.3014339101924,56.98978920835083
21.821787110521417,-44.92479157703085
79.90369280342992,46.14855508203587
0.11191788714304371,7.570942246560122
11.758966244077484,-67.11767876592022
93.64364728567597,-74.02888789552732
10.743536438007295,47.61074581919439
67.04797378794092,-18.066700809163294
47.52393846660568,82.42031872598864
25.407901100108738,94.23900793433879
49.722109591101855,94.53805601486104
72.34425414751945,-0.2508958205552574
17.420675680909454,-62.45173319348979
50.52246703699803,-55.32610424352441
